{"conf_table": {"_type": "table-file", "sha256": "64d53b227faa1d9af28f0039b25e56adeb64e665247c693173315a44082c2d85", "size": 182, "artifact_path": "wandb-client-artifact://16ugyq5nvvco9rxe8rsv9pgo7joh2cyc8vtbydd77or9ucgsrcge2mxc57qpasm0p1usmoq84io7kyz4x45frm1az3e8cwzgmf74vefm7t46c7bsozl9ppwhvqxhtbgo:latest/conf_table.table.json", "_latest_artifact_path": "wandb-client-artifact://16ugyq5nvvco9rxe8rsv9pgo7joh2cyc8vtbydd77or9ucgsrcge2mxc57qpasm0p1usmoq84io7kyz4x45frm1az3e8cwzgmf74vefm7t46c7bsozl9ppwhvqxhtbgo:latest/conf_table.table.json", "path": "media/table/conf_table_170_64d53b227faa1d9af28f.table.json", "ncols": 3, "nrows": 4}, "_timestamp": 1666005868.5277202, "_runtime": 444.82970929145813, "_step": 173, "examples": {"_type": "table-file", "sha256": "91f6e347e7ecd02507aaae308eae951941a1290f1e97d62b6d4de16dc22ad454", "size": 1253, "artifact_path": "wandb-client-artifact://b1rye4v2hsnoicdujh92ad7iugzic8rygcb2ivr52x74esrf2o6n3q7xxkv9dkt1pjjnnww2tc56ek0zbe91kesu8ytv6jelippt6y3nzuq7irezjidd5f86vipmdaur:latest/examples.table.json", "_latest_artifact_path": "wandb-client-artifact://b1rye4v2hsnoicdujh92ad7iugzic8rygcb2ivr52x74esrf2o6n3q7xxkv9dkt1pjjnnww2tc56ek0zbe91kesu8ytv6jelippt6y3nzuq7irezjidd5f86vipmdaur:latest/examples.table.json", "path": "media/table/examples_172_91f6e347e7ecd02507aa.table.json", "ncols": 3, "nrows": 20}, "global_step": 670, "train/loss_step": 0.5529975891113281, "train/acc_step": 0.7435897588729858, "epoch": 4, "trainer/global_step": 669, "valid/loss_step": 0.4824182987213135, "valid/loss_epoch": 0.6212216019630432, "valid/acc": 0.6912751793861389, "valid/precision_macro": 0.34563758969306946, "valid/recall_macro": 0.5, "valid/precision_micro": 0.6912751793861389, "valid/recall_micro": 0.6912751793861389, "valid/f1": 0.6912751793861389, "train/loss_epoch": 0.5992622375488281, "train/acc_epoch": 0.7044789791107178, "_wandb": {"runtime": 446}}