{"confusion_matrix": {"_type": "table-file", "sha256": "6a53ca92897879acb8d24b7f19b9716d15126946574a76c0ee36e4af0ceaf5a4", "size": 103, "artifact_path": "wandb-client-artifact://y5wrndd4xdpuo9ryzomb5zh9qliklqzmg3y5s0d3ohlrpwg902gsqb6pviyg4fqndm7ou7a2h0e9wqc4w936xm699f53wvjf6jf3hb9ig44hyqk35mgnvt8zzldefbta:latest/confusion_matrix.table.json", "_latest_artifact_path": "wandb-client-artifact://y5wrndd4xdpuo9ryzomb5zh9qliklqzmg3y5s0d3ohlrpwg902gsqb6pviyg4fqndm7ou7a2h0e9wqc4w936xm699f53wvjf6jf3hb9ig44hyqk35mgnvt8zzldefbta:latest/confusion_matrix.table.json", "path": "media/table/confusion_matrix_180_6a53ca92897879acb8d2.table.json", "ncols": 3, "nrows": 4}, "_timestamp": 1665992514.7691925, "_runtime": 446.69210743904114, "_step": 185, "cm": null, "conf": null, "examples": {"_type": "table-file", "sha256": "91f6e347e7ecd02507aaae308eae951941a1290f1e97d62b6d4de16dc22ad454", "size": 1253, "artifact_path": "wandb-client-artifact://10944wuznirm5rjwnbq138q9li5s1x3zhsid3a5wbtim2n51swpf4iat2p4tcns40ynh7r6d2unbift6flrv0zxpscu5qy74qfa4xo51ocxn8rvvm4t0amg5j56kd7tp:latest/examples.table.json", "_latest_artifact_path": "wandb-client-artifact://10944wuznirm5rjwnbq138q9li5s1x3zhsid3a5wbtim2n51swpf4iat2p4tcns40ynh7r6d2unbift6flrv0zxpscu5qy74qfa4xo51ocxn8rvvm4t0amg5j56kd7tp:latest/examples.table.json", "path": "media/table/examples_184_91f6e347e7ecd02507aa.table.json", "ncols": 3, "nrows": 20}, "global_step": 670, "train/loss_step": 0.6788296103477478, "train/acc_step": 0.6153846383094788, "epoch": 4, "trainer/global_step": 669, "valid/loss_step": 0.5001428127288818, "valid/loss_epoch": 0.6101070046424866, "valid/acc": 0.6912751793861389, "valid/precision_macro": 0.34563758969306946, "valid/recall_macro": 0.5, "valid/precision_micro": 0.6912751793861389, "valid/recall_micro": 0.6912751793861389, "valid/f1": 0.6912751793861389, "train/loss_epoch": 0.5979581475257874, "train/acc_epoch": 0.7043620347976685, "_wandb": {"runtime": 448}}