{"conf_table": {"_type": "table-file", "sha256": "64d53b227faa1d9af28f0039b25e56adeb64e665247c693173315a44082c2d85", "size": 182, "artifact_path": "wandb-client-artifact://r3axfyzhokv25x5c57f82jx4bmyp05e5h3k1ixwf6ae2rux3pt80r6no37u82yaq22b00w0r7zglj4cznk0njidur2vx383v6nq020d9m283q19ohktekeattsq2fpf1:latest/conf_table.table.json", "_latest_artifact_path": "wandb-client-artifact://r3axfyzhokv25x5c57f82jx4bmyp05e5h3k1ixwf6ae2rux3pt80r6no37u82yaq22b00w0r7zglj4cznk0njidur2vx383v6nq020d9m283q19ohktekeattsq2fpf1:latest/conf_table.table.json", "path": "media/table/conf_table_32_64d53b227faa1d9af28f.table.json", "ncols": 3, "nrows": 4}, "_timestamp": 1666005197.4161966, "_runtime": 108.87424564361572, "_step": 33, "examples": {"_type": "table-file", "sha256": "91f6e347e7ecd02507aaae308eae951941a1290f1e97d62b6d4de16dc22ad454", "size": 1253, "artifact_path": "wandb-client-artifact://j8ljp70n3wn67wap4kfcfisao2k8y2j2guiexsftepdj6ffoiy1hxedgg3j4qag35ht80aojneqq9jlypdnlcpwgm2h25t2fawfsejw1e5hr8nph9m42bj2r3d2r4qr7:latest/examples.table.json", "_latest_artifact_path": "wandb-client-artifact://j8ljp70n3wn67wap4kfcfisao2k8y2j2guiexsftepdj6ffoiy1hxedgg3j4qag35ht80aojneqq9jlypdnlcpwgm2h25t2fawfsejw1e5hr8nph9m42bj2r3d2r4qr7:latest/examples.table.json", "path": "media/table/examples_1_91f6e347e7ecd02507aa.table.json", "ncols": 3, "nrows": 20}, "global_step": 0, "train/loss_step": 0.6414577960968018, "train/acc_step": 0.65625, "epoch": 0, "trainer/global_step": 133, "valid/loss_step": 0.488065630197525, "valid/loss_epoch": 0.617348849773407, "valid/acc": 0.6912751793861389, "valid/precision_macro": 0.34563758969306946, "valid/recall_macro": 0.5, "valid/precision_micro": 0.6912751793861389, "valid/recall_micro": 0.6912751793861389, "valid/f1": 0.6912751793861389, "_wandb": {"runtime": 117}}